sample_id,category,weight,color,season,origin
banana_000,banana,218.54,white,summer,local
banana_001,banana,379.4,white,autumn,local
banana_002,banana,120.21,green,winter,tropical
banana_003,banana,76.14,yellow,summer,tropical
banana_004,banana,320.5,red,summer,local
banana_005,banana,59.26,yellow,winter,local
banana_006,banana,424.6,orange,summer,tropical
banana_007,banana,131.82,green,spring,local
banana_008,banana,186.91,red,autumn,local
banana_009,banana,244.38,green,spring,imported
banana_010,banana,325.33,brown,winter,local
banana_011,banana,181.47,brown,summer,local
banana_012,banana,255.23,red,summer,imported
banana_013,banana,139.85,brown,autumn,local
banana_014,banana,651.89,white,spring,tropical
banana_015,banana,126.74,yellow,spring,local
banana_016,banana,477.0,orange,autumn,tropical
banana_017,banana,413.78,orange,autumn,tropical
banana_018,banana,93.95,green,summer,local
banana_019,banana,248.07,white,winter,imported
banana_020,banana,727.33,yellow,winter,local
banana_021,banana,166.45,red,autumn,imported
banana_022,banana,190.27,white,autumn,local
banana_023,banana,296.02,brown,autumn,local
banana_024,banana,486.31,white,autumn,tropical
tomato_000,tomato,234.2,orange,winter,tropical
tomato_001,tomato,153.48,green,autumn,imported
tomato_002,tomato,64.01,yellow,autumn,local
tomato_003,tomato,215.84,orange,spring,local
tomato_004,tomato,262.94,white,summer,tropical
tomato_005,tomato,133.49,brown,summer,tropical
tomato_006,tomato,399.47,orange,summer,imported
tomato_007,tomato,430.15,red,summer,tropical
tomato_008,tomato,331.8,red,autumn,imported
tomato_009,tomato,64.64,white,summer,imported
tomato_010,tomato,327.49,yellow,autumn,local
tomato_011,tomato,266.69,white,summer,tropical
tomato_012,tomato,106.33,white,autumn,local
tomato_013,tomato,243.64,yellow,autumn,tropical
tomato_014,tomato,271.22,brown,winter,tropical
tomato_015,tomato,311.89,red,spring,tropical
tomato_016,tomato,408.9,green,winter,local
tomato_017,tomato,518.11,white,spring,local
tomato_018,tomato,226.62,brown,winter,local
tomato_019,tomato,320.01,green,summer,imported
tomato_020,tomato,362.74,brown,spring,tropical
tomato_021,tomato,620.13,red,autumn,local
tomato_022,tomato,97.22,white,winter,imported
tomato_023,tomato,494.0,brown,summer,tropical
tomato_024,tomato,274.5,brown,autumn,local
cucumber_000,cucumber,331.81,white,winter,imported
cucumber_001,cucumber,230.8,red,summer,tropical
cucumber_002,cucumber,446.14,brown,autumn,local
cucumber_003,cucumber,306.22,yellow,spring,imported
cucumber_004,cucumber,140.59,orange,winter,local
cucumber_005,cucumber,67.76,red,summer,local
cucumber_006,cucumber,294.36,yellow,summer,local
cucumber_007,cucumber,483.81,green,winter,local
cucumber_008,cucumber,374.96,red,autumn,tropical
cucumber_009,cucumber,441.49,white,summer,tropical
cucumber_010,cucumber,405.73,orange,autumn,local
cucumber_011,cucumber,407.39,yellow,summer,local
cucumber_012,cucumber,444.69,white,spring,local
cucumber_013,cucumber,116.96,yellow,autumn,local
cucumber_014,cucumber,491.44,yellow,spring,local
cucumber_015,cucumber,438.6,green,spring,tropical
cucumber_016,cucumber,218.9,red,spring,local
cucumber_017,cucumber,141.45,red,spring,local
cucumber_018,cucumber,223.94,brown,winter,local
cucumber_019,cucumber,271.55,brown,autumn,imported
cucumber_020,cucumber,439.51,green,summer,tropical
cucumber_021,cucumber,233.41,orange,winter,tropical
cucumber_022,cucumber,394.04,brown,spring,imported
cucumber_023,cucumber,480.22,orange,spring,local
cucumber_024,cucumber,99.17,yellow,autumn,imported
mandarin_000,mandarin,58.62,red,autumn,imported
mandarin_001,mandarin,286.13,green,winter,tropical
mandarin_002,mandarin,155.49,white,winter,local
mandarin_003,mandarin,63.55,white,autumn,local
mandarin_004,mandarin,350.54,orange,spring,imported
mandarin_005,mandarin,169.47,green,winter,tropical
mandarin_006,mandarin,355.32,green,spring,local
mandarin_007,mandarin,431.65,green,spring,imported
mandarin_008,mandarin,448.18,green,autumn,imported
mandarin_009,mandarin,174.86,brown,autumn,tropical
mandarin_010,mandarin,679.01,orange,summer,imported
mandarin_011,mandarin,367.81,yellow,winter,local
mandarin_012,mandarin,495.55,green,autumn,imported
mandarin_013,mandarin,202.99,white,summer,imported
mandarin_014,mandarin,249.26,white,autumn,imported
mandarin_015,mandarin,204.52,brown,autumn,tropical
mandarin_016,mandarin,470.97,orange,autumn,imported
mandarin_017,mandarin,217.63,yellow,spring,local
mandarin_018,mandarin,77.81,brown,winter,tropical
mandarin_019,mandarin,123.26,orange,winter,imported
mandarin_020,mandarin,117.71,brown,autumn,tropical
mandarin_021,mandarin,251.02,orange,spring,tropical
mandarin_022,mandarin,161.0,red,summer,imported
mandarin_023,mandarin,347.86,orange,autumn,imported
mandarin_024,mandarin,389.24,white,winter,local
potato_000,potato,197.53,yellow,spring,local
potato_001,potato,391.92,yellow,spring,local
potato_002,potato,478.43,yellow,summer,local
potato_003,potato,318.84,yellow,autumn,imported
potato_004,potato,72.32,white,spring,tropical
potato_005,potato,259.27,green,winter,local
potato_006,potato,384.76,white,autumn,tropical
potato_007,potato,240.7,red,spring,local
potato_008,potato,482.7,green,summer,tropical
potato_009,potato,270.07,green,spring,tropical
potato_010,potato,459.3,yellow,autumn,imported
potato_011,potato,392.98,red,summer,tropical
potato_012,potato,203.83,green,winter,local
potato_013,potato,431.81,orange,summer,tropical
potato_014,potato,407.27,brown,winter,imported
potato_015,potato,330.44,white,winter,imported
potato_016,potato,412.29,yellow,winter,local
potato_017,potato,227.77,green,spring,imported
potato_018,potato,230.84,green,winter,tropical
potato_019,potato,252.66,yellow,summer,tropical
potato_020,potato,210.64,brown,autumn,local
potato_021,potato,133.89,red,autumn,imported
potato_022,potato,295.56,orange,spring,local
potato_023,potato,181.36,yellow,summer,tropical
potato_024,potato,267.17,green,winter,local
